eval_count,avg,std,min,max,best_individual
60,0.04437929556687523,0.16229956897487696,-0.3737396634347041,0.4720191213521449,"add(c, add(e, a))"
