eval_count,avg,std,min,max,best_individual
7,0.4100706177320835,0.25174632501244415,0.08471952126849598,0.6979432755885119,"add(a, b)"
12,0.611495416842897,0.11598514154671824,0.4475490563392427,0.6979432755885119,"add(a, b)"
