eval_count,avg,std,min,max,best_individual
7,0.1748381688578634,0.21605892716803773,0.007550927915511099,0.4799167104163122,"multiply(a, protected_sqrt(e))"
10,0.1748381688578634,0.21605892716803773,0.007550927915511099,0.4799167104163122,"multiply(a, protected_sqrt(e))"
