eval_count,avg,std,min,max,best_individual
1140,0.1710774147508455,0.23680706415987574,-0.4091015024609311,0.7885767805437864,"add(a, e)"
