eval_count,avg,std,min,max,best_individual
7,0.5525502285212781,0.04639511430771513,0.4896124121668456,0.6000778851503734,"add(e, c)"
11,0.5632560608225309,0.052073923355754594,0.4896124121668456,0.6000778851503734,"add(e, c)"
