eval_count,avg,std,min,max,best_individual
7,0.45010568054475053,0.2639571895033722,0.08457734191712758,0.6984585080311154,"add(a, b)"
12,0.6125768831254633,0.06075791074621755,0.5672811916860085,0.6984585080311154,"add(a, b)"
