eval_count,avg,std,min,max,best_individual
7,0.13887292510913343,0.20834430524864433,-0.01220581841672697,0.4334840527770545,"subtract(b, square(b))"
11,0.14042516322083606,0.2072272859657076,-0.007549104081619109,0.4334840527770545,"subtract(b, square(b))"
