eval_count,avg,std,min,max,best_individual
7,0.2615989428885351,0.18361849951626896,0.0019231705700299686,0.3914368290477877,"subtract(b, square(b))"
11,0.3914368290477877,0.0,0.3914368290477877,0.3914368290477877,"subtract(b, square(b))"
