eval_count,avg,std,min,max,best_individual
54,0.025080845085091376,0.11905286196935734,-0.15736537593730568,0.5153004898837638,"add(e, a)"
58,0.02642824098013089,0.11846060974633257,-0.15736537593730568,0.5153004898837638,"add(e, a)"
