eval_count,avg,std,min,max,best_individual
7,0.409154120166554,0.24601365419551846,0.07578761996886298,0.6620589423074665,"add(a, b)"
12,0.6066194465385051,0.08277184764743478,0.4896157982233324,0.6681835990847163,"add(a, multiply(add(b, protected_div(protected_sqrt(b), protected_div(e, e))), add(d, e)))"
