eval_count,avg,std,min,max,best_individual
9,0.2849018714054611,0.23520496632009621,0.017853160527749688,0.572303569773069,"multiply(add(c, subtract(d, e)), protected_sqrt(c))"
13,0.38161394812659727,0.22491220564042494,0.017853160527749688,0.572303569773069,"multiply(add(c, subtract(d, e)), protected_sqrt(c))"
17,0.40496485593694526,0.18915144883354645,0.13460769957948981,0.572303569773069,"multiply(add(c, subtract(d, e)), protected_sqrt(c))"
