eval_count,avg,std,min,max,best_individual
7,0.3423492308542537,0.2694057322127157,-0.03818121313490985,0.5489426101748083,"add(e, a)"
11,0.35323466907156886,0.27677282457231606,-0.03818121313490985,0.5489426101748083,"add(e, a)"
