eval_count,avg,std,min,max,best_individual
9,0.36770127278548664,0.3283371685830283,0.09422128588372423,0.7874538974564993,"add(b, e)"
13,0.3709732079657221,0.32566624162161206,0.09465254239428128,0.7874538974564993,"add(b, e)"
17,0.4898237636627587,0.3172771548257825,0.09465254239428128,0.7874538974564993,"add(b, e)"
