eval_count,avg,std,min,max,best_individual
7,0.31970146153356793,0.23927865490881634,-0.013199734356294119,0.538725887318817,"add(e, b)"
11,0.3547506800937799,0.260180233198048,-0.013199734356294119,0.538725887318817,"add(e, b)"
