eval_count,avg,std,min,max,best_individual
14,0.2343212700079042,0.28129684939448707,-0.03291523281736777,0.7591761891350134,"add(d, c)"
18,0.2952950953034897,0.30949372373034534,-0.03291523281736777,0.7591761891350134,"add(d, c)"
22,0.3111735276143742,0.2960279641938189,0.00467153552789166,0.7591761891350134,"add(d, c)"
26,0.35644850948184936,0.29325850137126164,0.00467153552789166,0.7591761891350134,"add(d, c)"
30,0.38619893277116424,0.3165868316302831,0.00467153552789166,0.7591761891350134,"add(d, c)"
34,0.4641366475329529,0.30890947133748275,0.023275291832350962,0.7840486831457796,"add(e, c)"
38,0.5398508060188967,0.2833017340706331,0.10543255702532764,0.7840486831457796,"add(e, c)"
