eval_count,avg,std,min,max,best_individual
8,0.3764512844813152,0.18487638939796322,0.12456672374255569,0.5630940185666486,"subtract(add(c, c), protected_sqrt(b))"
12,0.5226270494226796,0.05722893659153473,0.4416931111347412,0.5630940185666486,"subtract(add(c, c), protected_sqrt(b))"
