eval_count,avg,std,min,max,best_individual
9,0.29408060632952804,0.3447443208985236,-0.09436752636257088,0.7615253178981325,"add(d, a)"
13,0.44265495693963963,0.30285167872701574,0.06509317759134478,0.7615253178981325,"add(d, a)"
17,0.5773781441746167,0.2607825279777612,0.06509317759134478,0.7615253178981325,"add(d, a)"
