eval_count,avg,std,min,max,best_individual
7,0.49502569905758936,0.2841182350221729,0.09871471524252544,0.750521929439823,"add(a, b)"
11,0.664706465839131,0.06175429918543465,0.60775701558715,0.750521929439823,"add(a, b)"
