eval_count,avg,std,min,max,best_individual
7,0.3525334739511437,0.2318076274092249,0.18430374426426663,0.6803207268994951,"multiply(a, protected_sqrt(e))"
11,0.3614840530595855,0.2255737015920488,0.19297595068966952,0.6803207268994951,"multiply(a, protected_sqrt(e))"
