eval_count,avg,std,min,max,best_individual
1141,0.09210630576572826,0.11264216111330243,-0.21068381346916717,0.3462811044271246,"add(d, e)"
