eval_count,avg,std,min,max,best_individual
9,0.43941794610522644,0.3366958160342766,0.02074837083439879,0.7687854616103346,"multiply(add(c, a), protected_div(d, d))"
13,0.451696436868352,0.345304346693758,0.02074837083439879,0.7687854616103346,"multiply(add(c, a), protected_div(d, d))"
17,0.5319074650087426,0.2804465905186372,0.02074837083439879,0.7687854616103346,"multiply(add(c, a), protected_div(d, d))"
