eval_count,avg,std,min,max,best_individual
8,0.2886574660848109,0.29264462263893687,0.0489429716523646,0.7006859535155291,"add(b, b)"
12,0.5059051267058657,0.2754616869644708,0.11634347308653907,0.7006859535155291,"add(b, b)"
