eval_count,avg,std,min,max,best_individual
7,0.7446768887129798,0.03395958790366752,0.7006653904713867,0.7833296025053934,"add(e, c)"
11,0.7557748651607245,0.03896828326045919,0.7006653904713867,0.7833296025053934,"add(e, c)"
