eval_count,avg,std,min,max,best_individual
9,0.07286215865807559,0.053570246783685764,0.010201840090239386,0.13977217902846387,protected_sqrt(d)
13,0.09137190235532469,0.05338187348676944,0.010201840090239386,0.13977217902846387,protected_sqrt(d)
17,0.09375690517312833,0.05519388171534683,0.010201840090239386,0.13977217902846387,protected_sqrt(d)
