eval_count,avg,std,min,max,best_individual
9,0.09179727412392476,0.04815034667900574,0.0,0.12464839304054456,protected_sqrt(a)
13,0.09940949370254093,0.04970835367443905,0.0,0.12464839304054456,protected_sqrt(a)
17,0.12433917231064984,0.0006184414597894649,0.1231022893910709,0.12464839304054456,protected_sqrt(a)
