eval_count,avg,std,min,max,best_individual
6348,0.02242198569290417,0.12668056852296627,-0.32728830931457675,0.4642805660086966,"add(c, add(e, a))"
