eval_count,avg,std,min,max,best_individual
7,0.2449616957134848,0.2444662424492119,0.07209795790645247,0.5906891713275495,"add(b, b)"
11,0.41782543352051715,0.24446624244921186,0.07209795790645247,0.5906891713275495,"add(b, b)"
