eval_count,avg,std,min,max,best_individual
9,0.3151535487344014,0.23575493838168451,0.09994703206506203,0.7612166908985222,"add(d, c)"
13,0.41085451737258394,0.2949723569941428,0.09994703206506203,0.7664569892232094,"add(d, a)"
16,0.41085451737258394,0.2949723569941428,0.09994703206506203,0.7664569892232094,"add(d, a)"
