eval_count,avg,std,min,max,best_individual
9,0.3683808245730324,0.2996023636278414,0.10359767902923037,0.7591928708202699,"add(d, c)"
13,0.3823562186630077,0.2883434154555188,0.12545248709939025,0.7591928708202699,"add(d, c)"
17,0.49949986293124027,0.29848645251834227,0.12545248709939025,0.7591928708202699,"add(d, c)"
