eval_count,avg,std,min,max,best_individual
9,-0.056645675742124715,0.17047031590675318,-0.38212385507762714,0.1170560992667332,square(d)
13,-0.03762843820946031,0.18072420546350698,-0.38212385507762714,0.1170560992667332,square(d)
17,0.0444192006617818,0.055303051505357324,-0.0360861517549454,0.1170560992667332,square(d)
