eval_count,avg,std,min,max,best_individual
7,0.49502569905758936,0.2841182350221729,0.09871471524252544,0.750521929439823,"add(a, b)"
12,0.6798690998465227,0.05046183771705606,0.6358404524904198,0.750521929439823,"add(a, b)"
