eval_count,avg,std,min,max,best_individual
1140,0.1957385394710222,0.29644925800828104,-0.6683396759913008,0.7883134401271119,"add(b, e)"
