eval_count,avg,std,min,max,best_individual
9,0.09089186212579457,0.06954316330325595,0.03325199551825227,0.22167565433178327,"protected_div(protected_sqrt(a), d)"
13,0.1021728648473725,0.06586764250288561,0.03325199551825227,0.22167565433178327,"protected_div(protected_sqrt(a), d)"
17,0.14044089769727247,0.07015257300078993,0.05058581628626019,0.22459215976775207,"protected_div(protected_sqrt(a), c)"
