eval_count,avg,std,min,max,best_individual
1140,0.04291828289137564,0.16587680102646446,-0.33952404782702483,0.41128817418072533,"add(d, e)"
