eval_count,avg,std,min,max,best_individual
9,0.271408424195304,0.24392826776743184,0.03886002327904172,0.6060193759415741,"subtract(a, subtract(c, e))"
13,0.2877711166480103,0.23109125574763534,0.03886002327904172,0.6060193759415741,"subtract(a, subtract(c, e))"
17,0.4102172937427021,0.2752417336450777,0.03886002327904172,0.746394014611991,"subtract(e, subtract(e, e))"
