eval_count,avg,std,min,max,best_individual
7,0.331344128579722,0.28564696265706435,0.12936122425957125,0.7353099372200235,"multiply(a, protected_sqrt(e))"
11,0.5333270328998727,0.2856469626570644,0.12936122425957125,0.7353099372200235,"multiply(a, protected_sqrt(e))"
