eval_count,avg,std,min,max,best_individual
7,0.39566269153356,0.3118742765832981,-0.04106133219716375,0.6674329603810398,"add(e, b)"
11,0.4312681961883053,0.33398741247600905,-0.04106133219716375,0.6674329603810398,"add(e, b)"
