eval_count,avg,std,min,max,best_individual
9,0.09940204690883105,0.09724380240935641,-0.06188094451794601,0.19825015020457387,"add(protected_div(b, d), e)"
13,0.2610446249520505,0.24865488572591882,0.05812244600167658,0.7463319456981514,"add(e, e)"
17,0.37066098405076603,0.31004134165774516,0.05812244600167658,0.7463319456981514,"add(e, e)"
