eval_count,avg,std,min,max,best_individual
9,-0.060101319360101865,0.29785938891117114,-0.644522480762945,0.12893165432791856,square(protected_sqrt(b))
13,-0.0299234728520452,0.3073164651501537,-0.644522480762945,0.12893165432791856,square(protected_sqrt(b))
17,-0.02894382400866689,0.307801389758688,-0.644522480762945,0.12893165432791856,square(protected_sqrt(b))
