eval_count,avg,std,min,max,best_individual
1140,0.09208507334843087,0.18519260539145552,-0.3919698851087622,0.5437099026660367,"add(e, c)"
