eval_count,avg,std,min,max,best_individual
8,0.27285574761598386,0.30613079832068407,0.001537816245883491,0.7006859535155291,"add(b, b)"
13,0.3337894745498609,0.26091584534447837,0.11634347308653907,0.7006859535155291,"add(b, b)"
