eval_count,avg,std,min,max,best_individual
7,0.1562585283982508,0.18361891682593906,-0.013468024204970364,0.4113232527858462,"subtract(b, square(b))"
11,0.20344758514697325,0.14883228455171463,0.07092035661387662,0.4113232527858462,"subtract(b, square(b))"
