eval_count,avg,std,min,max,best_individual
1141,0.06381822317047688,0.15568418044450902,-0.2895095846060698,0.5017587899972094,"add(e, b)"
