eval_count,avg,std,min,max,best_individual
7618,0.02587263884360635,0.12723725998939658,-0.32728830931457675,0.4642805660086966,"add(c, add(e, a))"
