eval_count,avg,std,min,max,best_individual
204,0.14663631190409301,0.2395003816006269,-0.4091015024609311,0.7885767805437864,"add(a, e)"
