eval_count,avg,std,min,max,best_individual
7,0.15615793791049204,0.10077273199510038,0.01364377360563197,0.22741502006292208,"square(add(d, a))"
11,0.22741502006292205,2.7755575615628914e-17,0.22741502006292208,0.22741502006292208,"square(add(d, a))"
