eval_count,avg,std,min,max,best_individual
9,0.4521022662593337,0.3553876254524647,-0.051305603823314345,0.7907384432916473,"add(c, e)"
13,0.620511075682326,0.2649336380685813,0.10078402747502693,0.7907384432916473,"multiply(add(c, e), protected_div(d, d))"
17,0.7535574067960453,0.05195751709282499,0.6517992939335235,0.7907384432916473,"multiply(add(c, e), protected_div(d, d))"
