eval_count,avg,std,min,max,best_individual
9,0.28285870437693333,0.22692499381760067,0.08900595318735219,0.5607188989325615,"add(b, multiply(c, c))"
13,0.3772012935259752,0.22476634180125274,0.09977944521285781,0.5607188989325615,"add(b, multiply(c, c))"
17,0.47489102345417783,0.18571621055986412,0.10407032561933349,0.5882280948538712,"add(b, multiply(b, c))"
