eval_count,avg,std,min,max,best_individual
8,0.15248589318842967,0.09827915828792587,0.01364377360563197,0.22741502006292208,"square(add(d, a))"
12,0.15248589318842967,0.09827915828792587,0.01364377360563197,0.22741502006292208,"square(add(d, a))"
