eval_count,avg,std,min,max,best_individual
1140,0.06238361244552031,0.14444322126200002,-0.34625376340911423,0.5218178790811842,"add(e, d)"
