eval_count,avg,std,min,max,best_individual
7,0.09520748901390347,0.3270739758638477,-0.2394008076902927,0.5390872045508392,"add(e, c)"
11,0.27959120047046193,0.36698276835209365,-0.2394008076902927,0.5390872045508392,"add(e, c)"
