eval_count,avg,std,min,max,best_individual
7,0.2282816214943836,0.2157725334471885,0.0744004319290222,0.5334263220876064,"multiply(a, protected_sqrt(e))"
11,0.22970780308291025,0.21476249472221073,0.07701811046652222,0.5334263220876064,"multiply(a, protected_sqrt(e))"
