eval_count,avg,std,min,max,best_individual
9,0.2619667889710361,0.1560305971291178,0.12395245187108762,0.4926951082963141,"multiply(protected_div(c, d), add(add(add(e, a), c), d))"
13,0.2635210963324229,0.15468088868926563,0.1311730283786012,0.4926951082963141,"multiply(protected_div(c, d), add(add(add(e, a), c), d))"
17,0.28433662086944456,0.14194904952434875,0.13172398867802126,0.4926951082963141,"multiply(protected_div(c, d), add(add(add(e, a), c), d))"
