eval_count,avg,std,min,max,best_individual
1141,0.05612300716805147,0.1681952363528603,-0.28792128670212097,0.4784541322791069,"add(e, add(b, a))"
