eval_count,avg,std,min,max,best_individual
9,0.010966602075041043,0.10839963633552477,-0.16781204582912393,0.11153772613993239,square(b)
13,0.0418648776309788,0.10655966294479681,-0.16781204582912393,0.11153772613993239,square(b)
17,0.17855474214017555,0.16961726765912027,0.05859435859566178,0.5156372767168598,"square(add(protected_sqrt(square(b)), e))"
