eval_count,avg,std,min,max,best_individual
7,0.1367700173910598,0.14653552884227666,0.03315375126192905,0.34400254964932125,"multiply(square(square(c)), e)"
12,0.28477001503811944,0.18603829050367052,0.03315375126192905,0.47715374420310797,"multiply(square(add(b, d)), e)"
