eval_count,avg,std,min,max,best_individual
8,0.1822895340276485,0.10983449731356962,0.030055141987529597,0.2851264345804742,"square(add(d, a))"
12,0.1822895340276485,0.10983449731356962,0.030055141987529597,0.2851264345804742,"square(add(d, a))"
