eval_count,avg,std,min,max,best_individual
9,0.09544088485629433,0.048335548718592844,0.033604216435431294,0.15869223691619733,"add(subtract(b, d), square(d))"
13,0.12045848895244755,0.041783211346405724,0.04890729842776692,0.15869223691619733,"add(subtract(b, d), square(d))"
17,0.12492566522169053,0.044358725755720745,0.04890729842776692,0.15869223691619733,"add(subtract(b, d), square(d))"
