eval_count,avg,std,min,max,best_individual
8,0.24438673331115526,0.13437696056126028,0.05469210365192898,0.349118981289783,"subtract(add(c, c), protected_sqrt(b))"
12,0.3425290258571066,0.00931960434832524,0.3293491149917538,0.349118981289783,"subtract(add(c, c), protected_sqrt(b))"
