eval_count,avg,std,min,max,best_individual
7,0.37321446797960195,0.18959949959097855,0.22072918982335404,0.6404626968370122,"multiply(a, protected_sqrt(e))"
12,0.42565092376923114,0.159547983200936,0.2584515172784395,0.6404626968370122,"multiply(a, protected_sqrt(e))"
