eval_count,avg,std,min,max,best_individual
8,0.24344880099787394,0.24561372403837073,0.06750197812207197,0.5907891123939785,"add(b, b)"
12,0.4178778457551761,0.24453345836770476,0.07205531247757144,0.5907891123939785,"add(b, b)"
