eval_count,avg,std,min,max,best_individual
7,0.32969984992010515,0.1716220207603587,0.08701821167472822,0.4542646198346792,"subtract(add(c, c), protected_sqrt(e))"
11,0.501442064699395,0.07132692764591474,0.4478167182509081,0.6022448560125978,"subtract(add(c, c), c)"
