eval_count,avg,std,min,max,best_individual
7,0.331932330705573,0.28523195068448187,0.12936122425957125,0.7353099372200235,"multiply(a, protected_sqrt(e))"
11,0.33243213127257515,0.28487764914918884,0.13086062596057765,0.7353099372200235,"multiply(a, protected_sqrt(e))"
