eval_count,avg,std,min,max,best_individual
1142,0.08465970755702992,0.08822182466072014,-0.09168769618145046,0.39227085367875203,"add(e, a)"
