eval_count,avg,std,min,max,best_individual
1142,0.01350053145660448,0.18259472872168234,-0.4070478783729449,0.5014804366653155,"add(c, e)"
