eval_count,avg,std,min,max,best_individual
1140,0.04550087909818648,0.201891231551865,-0.3699943942950223,0.5091699977420221,"add(d, add(c, e))"
