eval_count,avg,std,min,max,best_individual
14984,0.046784835065064805,0.13585656323614964,-0.32728830931457675,0.4642805660086966,"add(c, add(e, a))"
