eval_count,avg,std,min,max,best_individual
1605,0.2771539821718011,0.16915838201039368,-0.27006488736349693,0.5011020059051005,"add(add(c, e), e)"
