eval_count,avg,std,min,max,best_individual
7,0.016814803926855523,0.01156146929186372,0.008639610590098653,0.03316519060036926,"square(subtract(d, b))"
11,0.016814803926855523,0.01156146929186372,0.008639610590098653,0.03316519060036926,"square(subtract(d, b))"
