eval_count,avg,std,min,max,best_individual
8,0.04904851041173009,0.019037621424352804,0.025016080314952355,0.07157558993351429,"square(add(d, a))"
12,0.04904851041173009,0.019037621424352804,0.025016080314952355,0.07157558993351429,"square(add(d, a))"
