eval_count,avg,std,min,max,best_individual
7,0.15983397757444645,0.17945323915385578,-0.0001233946330879465,0.41044509574070775,"subtract(b, square(b))"
11,0.18370492678012107,0.1603322826529089,0.06918023161571954,0.41044509574070775,"subtract(b, square(b))"
