eval_count,avg,std,min,max,best_individual
7,0.37321446797960195,0.18959949959097855,0.22072918982335404,0.6404626968370122,"multiply(a, protected_sqrt(e))"
11,0.3826155311486051,0.18236689052014032,0.2489323793303636,0.6404626968370122,"multiply(a, protected_sqrt(e))"
