eval_count,avg,std,min,max,best_individual
8,0.3215516800745479,0.15872903880706227,0.10620897392654424,0.48411384132771335,"subtract(add(c, c), protected_sqrt(b))"
12,0.5003519375750729,0.11012406324176427,0.3743322249693861,0.6426097464281193,"subtract(add(c, protected_sqrt(b)), protected_sqrt(b))"
