eval_count,avg,std,min,max,best_individual
8,0.24438673331115526,0.13437696056126028,0.05469210365192898,0.349118981289783,"subtract(add(c, c), protected_sqrt(b))"
12,0.39060109085857003,0.07309095309306009,0.3293491149917538,0.49333517629417334,"subtract(add(c, c), c)"
