eval_count,avg,std,min,max,best_individual
25656,0.08557831790718987,0.1528049736449864,-0.32728830931457675,0.4642805660086966,"add(c, add(e, a))"
