eval_count,avg,std,min,max,best_individual
10,0.21309989915396566,0.24873552692740059,-0.009287762891981593,0.6946889615128129,"add(protected_sqrt(c), add(e, b))"
14,0.2172854040368088,0.24706710042983093,-0.009287762891981593,0.6946889615128129,"add(protected_sqrt(c), add(e, b))"
18,0.21892045038567884,0.24688618606832705,-0.009287762891981593,0.6946889615128129,"add(protected_sqrt(c), add(e, b))"
