eval_count,avg,std,min,max,best_individual
1140,0.17155153686572636,0.24131161852735764,-0.715598168853027,0.784817610029515,"add(a, e)"
