eval_count,avg,std,min,max,best_individual
8,0.08195706296014017,0.04557298850702261,0.018437227155536424,0.1231651958636451,"square(add(d, a))"
12,0.08195706296014017,0.04557298850702261,0.018437227155536424,0.1231651958636451,"square(add(d, a))"
