eval_count,avg,std,min,max,best_individual
9,0.3154871753771136,0.31596195172957947,-0.016303497094310813,0.7353099372200235,"multiply(a, protected_sqrt(e))"
13,0.44761095205581214,0.28632822244542394,0.07011136556267412,0.7353099372200235,"multiply(a, protected_sqrt(e))"
17,0.5663637697247708,0.25061259742809916,0.07011136556267412,0.7353099372200235,"multiply(a, protected_sqrt(e))"
