eval_count,avg,std,min,max,best_individual
7,0.3606403588279068,0.19786427273371265,0.22072918982335404,0.6404626968370122,"multiply(a, protected_sqrt(e))"
11,0.5005515278324595,0.19786427273371263,0.22072918982335404,0.6404626968370122,"multiply(a, protected_sqrt(e))"
