eval_count,avg,std,min,max,best_individual
1140,0.19415693704939596,0.24169749262580228,-0.6543110895855858,0.7363716432075904,"add(a, e)"
