eval_count,avg,std,min,max,best_individual
6,0.1964496971958166,0.23315525768209563,0.007346046632563818,0.5249286869644795,"multiply(square(square(c)), e)"
10,0.26227008250921285,0.19527485793600272,0.057074357990406485,0.5249286869644795,"multiply(square(square(c)), e)"
