eval_count,avg,std,min,max,best_individual
7,0.14377978989513276,0.2049923093493895,-0.0011716621369110374,0.43368269395922043,"add(b, b)"
11,0.28873124192717664,0.2049923093493895,-0.0011716621369110374,0.43368269395922043,"add(b, b)"
