eval_count,avg,std,min,max,best_individual
2790,0.012085158445710228,0.12312838298594951,-0.32728830931457675,0.4642805660086966,"add(c, add(e, a))"
