eval_count,avg,std,min,max,best_individual
1141,-0.0064158561485969535,0.1663075590989329,-0.4126100981944848,0.48899875147966365,"add(e, c)"
