eval_count,avg,std,min,max,best_individual
1140,0.17047275989714433,0.21491662702795333,-0.36155591280940735,0.7398098645897204,"add(a, e)"
