eval_count,avg,std,min,max,best_individual
1140,0.021301983473877836,0.1446911486672882,-0.3734222999504581,0.4096108451299823,"add(a, b)"
