eval_count,avg,std,min,max,best_individual
1140,-0.00331230025271065,0.15365718975668355,-0.27687395000921017,0.47961396218946434,"add(b, e)"
