eval_count,avg,std,min,max,best_individual
7,0.17461299488084367,0.22040710307044634,0.0,0.4855300089342289,"multiply(square(square(c)), e)"
11,0.272076853656118,0.1831414373424297,0.038308975708302086,0.4855300089342289,"multiply(square(square(c)), e)"
