eval_count,avg,std,min,max,best_individual
8,0.28783431948715454,0.15009871070488728,0.08701821167472822,0.4478167182509081,"subtract(add(c, c), protected_sqrt(b))"
12,0.45957653426644446,0.11199639901235844,0.32866802853582733,0.6022448560125978,"subtract(add(c, c), c)"
