eval_count,avg,std,min,max,best_individual
9,0.15207234606731185,0.20827442729996767,-0.047251541035554456,0.5465083013104785,"add(protected_sqrt(c), a)"
13,0.15620878241693376,0.2076753455684989,-0.047251541035554456,0.5465083013104785,"add(protected_sqrt(c), a)"
17,0.19183175844489014,0.18360095422239064,0.011155032104838439,0.5465083013104785,"add(protected_sqrt(c), a)"
