eval_count,avg,std,min,max,best_individual
1141,0.08516313345478511,0.09583902265495979,-0.11847254282014312,0.34368449611177215,"add(a, b)"
