eval_count,avg,std,min,max,best_individual
8,0.2524406455775444,0.2675555819633625,0.053505126076498176,0.6306510796179348,"add(b, b)"
13,0.2877726762079119,0.2450002091422086,0.07316573103820034,0.6306510796179348,"add(b, b)"
