eval_count,avg,std,min,max,best_individual
3045,0.012753427683100636,0.12304182296461258,-0.32728830931457675,0.4642805660086966,"add(c, add(e, a))"
