eval_count,avg,std,min,max,best_individual
7,0.2593460110370574,0.2626196052640132,0.07364590728233937,0.6307462185464936,"add(b, b)"
11,0.4450461147917755,0.26261960526401323,0.07364590728233937,0.6307462185464936,"add(b, b)"
