eval_count,avg,std,min,max,best_individual
9,0.18917187273996494,0.1642950107226991,0.0,0.38453312631677355,"protected_div(square(e), d)"
13,0.2660784980033196,0.14681357543362625,0.05128410250699727,0.38453312631677355,"protected_div(square(e), d)"
17,0.3327283027652749,0.10339730549316993,0.12593395374687413,0.38453312631677355,"protected_div(square(e), d)"
