eval_count,avg,std,min,max,best_individual
7,0.21298556656872014,0.22067531699340323,0.05694455348219375,0.525067592741773,"multiply(square(square(c)), e)"
12,0.40760782175571536,0.2524185655239257,0.05694455348219375,0.6408113190431795,"multiply(square(add(b, d)), e)"
