eval_count,avg,std,min,max,best_individual
9,0.32968389327851055,0.28393109441019476,0.08246663186125842,0.7503195618502251,"add(multiply(multiply(e, e), a), e)"
13,0.422655087192733,0.2631031547967109,0.09139033676852301,0.7503195618502251,"add(multiply(multiply(e, e), a), e)"
17,0.5620566592579335,0.23365960130740782,0.13174636049964492,0.788398197094525,"add(e, a)"
