eval_count,avg,std,min,max,best_individual
8,0.2442302122226294,0.24505580792605355,0.06984621179633822,0.5907891123939785,"add(b, b)"
13,0.2727861767288135,0.22742873293145835,0.07205531247757144,0.5907891123939785,"add(b, b)"
