eval_count,avg,std,min,max,best_individual
104,0.00985504752257038,0.1291575716604206,-0.2990367599977404,0.40697115948609136,"add(e, c)"
108,0.012841531909632841,0.12537809620000412,-0.28310088525369187,0.40697115948609136,"add(e, c)"
112,0.01546506364026685,0.12613708731524584,-0.28310088525369187,0.40697115948609136,"add(e, c)"
