eval_count,avg,std,min,max,best_individual
7,0.3858385896251472,0.27151860558419844,0.09861894423311661,0.7501567860708651,"add(a, b)"
12,0.5890562102497875,0.19894966694273508,0.3087400385714598,0.7501567860708651,"add(a, b)"
