eval_count,avg,std,min,max,best_individual
1139,0.06129937994477011,0.16889269009321914,-0.33578018073697247,0.5225557965304459,"add(d, e)"
