eval_count,avg,std,min,max,best_individual
7,0.331932330705573,0.28523195068448187,0.12936122425957125,0.7353099372200235,"multiply(a, protected_sqrt(e))"
12,0.4140628811575759,0.24814021715596585,0.13112583063712427,0.7353099372200235,"multiply(a, protected_sqrt(e))"
