eval_count,avg,std,min,max,best_individual
1141,0.17677754526239065,0.23515654141525327,-0.3704172021741616,0.7107536316185955,"add(a, c)"
