eval_count,avg,std,min,max,best_individual
7872,0.02719309892177037,0.12894541124189965,-0.32728830931457675,0.4642805660086966,"add(c, add(e, a))"
