eval_count,avg,std,min,max,best_individual
1141,0.0757448648396656,0.16120501227880446,-0.3330533984829921,0.5339636720515265,"add(e, d)"
