eval_count,avg,std,min,max,best_individual
7,0.2874362155070606,0.20654283222248412,-0.004659459032927208,0.4334840527770545,"subtract(b, square(b))"
11,0.4334840527770545,0.0,0.4334840527770545,0.4334840527770545,"subtract(b, square(b))"
