eval_count,avg,std,min,max,best_individual
7,0.21088386474146556,0.2801715036420128,0.012772694620966776,0.6071062049824631,"multiply(a, protected_sqrt(e))"
11,0.40899503486196437,0.2801715036420129,0.012772694620966776,0.6071062049824631,"multiply(a, protected_sqrt(e))"
