eval_count,avg,std,min,max,best_individual
7,0.269726160455574,0.20024852836606627,-0.013468024204970364,0.4113232527858462,"subtract(b, square(b))"
11,0.4113232527858462,0.0,0.4113232527858462,0.4113232527858462,"subtract(b, square(b))"
