eval_count,avg,std,min,max,best_individual
7,0.4405634382512154,0.2876113295725725,0.03811864537469911,0.692864762464906,"add(e, b)"
11,0.47461605676817037,0.3086502795666977,0.03811864537469911,0.692864762464906,"add(e, b)"
