eval_count,avg,std,min,max,best_individual
1139,0.06166753541230283,0.14906547992359565,-0.37391688764640874,0.4508722232409211,"add(a, d)"
