eval_count,avg,std,min,max,best_individual
1141,0.08793366701584138,0.09532525172447238,-0.14192677712858182,0.3928325681843918,"add(a, e)"
