eval_count,avg,std,min,max,best_individual
7,0.09520748901390347,0.3270739758638477,-0.2394008076902927,0.5390872045508392,"add(e, c)"
12,0.19653130234657054,0.32460256051843267,-0.2394008076902927,0.5390872045508392,"add(e, c)"
