eval_count,avg,std,min,max,best_individual
1140,0.08213968255661841,0.17607746521482834,-0.23708486726160174,0.5102763057796043,"add(e, a)"
