eval_count,avg,std,min,max,best_individual
7,0.202036219235435,0.20333745106613407,0.05825492871738377,0.48959880027153735,"add(b, b)"
11,0.34581750975348613,0.2033374510661341,0.05825492871738377,0.48959880027153735,"add(b, b)"
