eval_count,avg,std,min,max,best_individual
7,0.19301467628647984,0.20120312941362137,-0.017412222047250386,0.4641028953009205,"subtract(b, square(b))"
11,0.24390233640506795,0.15570980131672263,0.13235335560576936,0.4641028953009205,"subtract(b, square(b))"
