eval_count,avg,std,min,max,best_individual
7,0.34206493549475536,0.21478795817892415,0.05334330372632376,0.5681610863311052,"add(a, b)"
12,0.45831549072866595,0.0776797924869432,0.4020949694280554,0.5681610863311052,"add(a, b)"
