eval_count,avg,std,min,max,best_individual
8,0.19967089684843117,0.20507824643349643,0.05125363841354526,0.48966847107780254,"add(b, b)"
12,0.34580917440318365,0.20344776843070075,0.05809058105394575,0.48966847107780254,"add(b, b)"
