eval_count,avg,std,min,max,best_individual
7,0.34206493549475536,0.21478795817892415,0.05334330372632376,0.5681610863311052,"add(a, b)"
11,0.45491363942586044,0.08024838348932098,0.3918894155196391,0.5681610863311052,"add(a, b)"
