eval_count,avg,std,min,max,best_individual
9,0.06505796112056808,0.06948893262740165,-0.053096451381875326,0.13546272346215324,protected_sqrt(d)
13,0.08191049634279904,0.07414621751340443,-0.053096451381875326,0.13546272346215324,protected_sqrt(d)
17,0.11962233131160478,0.031680784301096936,0.05626076270941089,0.13546272346215324,protected_sqrt(d)
