eval_count,avg,std,min,max,best_individual
9,0.08687607240618886,0.046055950919163965,0.0,0.12687967411539375,"add(protected_sqrt(e), square(protected_sqrt(a)))"
13,0.21801619433657274,0.2631767640378348,0.0,0.736285442653199,"multiply(a, protected_sqrt(e))"
17,0.36500569710133923,0.30264414883020674,0.111838785746355,0.736285442653199,"multiply(a, protected_sqrt(e))"
