eval_count,avg,std,min,max,best_individual
7,0.034351225807158776,0.01619805853499685,0.02289746877500587,0.05725873987146459,"square(subtract(d, b))"
11,0.034351225807158776,0.01619805853499685,0.02289746877500587,0.05725873987146459,"square(subtract(d, b))"
