eval_count,avg,std,min,max,best_individual
1140,0.08448552773484547,0.09582738861403602,-0.2127896773726332,0.38897024634231164,"add(a, e)"
