eval_count,avg,std,min,max,best_individual
1140,0.005076645803120763,0.1561476762020548,-0.21485935548944057,0.4902946492230049,"add(c, e)"
