eval_count,avg,std,min,max,best_individual
250,0.005295344654218997,0.12317044106754794,-0.34386907462777383,0.4642805660086966,"add(c, add(e, a))"
