eval_count,avg,std,min,max,best_individual
9,0.28606135665202925,0.2861801229560501,0.0,0.7048936190286706,"multiply(protected_sqrt(c), c)"
13,0.3169855204738027,0.3194766256204719,0.0,0.7048936190286706,"multiply(protected_sqrt(c), c)"
17,0.4319195916465145,0.33462513957470713,0.0,0.7048936190286706,"multiply(protected_sqrt(c), c)"
