eval_count,avg,std,min,max,best_individual
7,0.35960658260759315,0.17918810216485137,0.10620897392654424,0.48849693256852195,"subtract(add(c, c), protected_sqrt(e))"
11,0.5384068386872319,0.07370430422608107,0.48411384132771335,0.6426097421654604,"subtract(add(c, c), c)"
