eval_count,avg,std,min,max,best_individual
3044,0.03410518527583565,0.1479111403436898,-0.3377038518244885,0.47843540691390135,"add(add(e, e), add(a, d))"
