eval_count,avg,std,min,max,best_individual
1141,0.025883034126073446,0.14136962315958584,-0.34386907462777383,0.4588336239329494,"add(a, e)"
