eval_count,avg,std,min,max,best_individual
9,0.2573569558263551,0.264604620508578,0.1037603685192334,0.7860783432341998,"add(e, a)"
13,0.29528579786629233,0.25321633445091996,0.12823911040233438,0.7860783432341998,"add(e, a)"
17,0.4260474230921047,0.29980086391574473,0.12823911040233438,0.7860783432341998,"add(e, a)"
