eval_count,avg,std,min,max,best_individual
1141,0.04524427796971785,0.19079057347036305,-0.30214269285635986,0.5209539313208742,"add(add(e, e), add(a, d))"
