eval_count,avg,std,min,max,best_individual
7,0.34964273847600946,0.23382464800337335,0.18430374426426663,0.6803207268994951,"multiply(a, protected_sqrt(e))"
11,0.5149817326877523,0.23382464800337333,0.18430374426426663,0.6803207268994951,"multiply(a, protected_sqrt(e))"
