eval_count,avg,std,min,max,best_individual
8,0.022191719413698827,0.012392598985803058,0.004744866859807161,0.03235398772730586,square(a)
12,0.022191719413698827,0.012392598985803058,0.004744866859807161,0.03235398772730586,square(a)
