eval_count,avg,std,min,max,best_individual
8,0.28783431948715454,0.15009871070488728,0.08701821167472822,0.4478167182509081,"subtract(add(c, c), protected_sqrt(b))"
12,0.4081004883458812,0.056167230978016965,0.32866802853582733,0.4478167182509081,"subtract(add(c, c), protected_sqrt(b))"
