eval_count,avg,std,min,max,best_individual
1142,0.00573822815122271,0.12794678649214844,-0.29406227286087305,0.4404250538131378,"add(a, add(c, d))"
