eval_count,avg,std,min,max,best_individual
1141,0.18416164860325174,0.24762260476453377,-0.2518084720321673,0.7837939290863694,"add(d, e)"
