eval_count,avg,std,min,max,best_individual
7,0.09880705845601835,0.42367608264507867,-0.3387109485848113,0.6720877533360518,"add(e, c)"
12,0.25551577382603535,0.4313539997941331,-0.3387109485848113,0.6720877533360518,"add(e, c)"
