eval_count,avg,std,min,max,best_individual
7,0.200102670382826,0.12024176045232608,0.030055141987529597,0.2851264345804742,"square(add(d, a))"
11,0.2851264345804742,0.0,0.2851264345804742,0.2851264345804742,"square(add(d, a))"
