eval_count,avg,std,min,max,best_individual
7,0.27358893228277587,0.19354384245655648,-0.0001233946330879465,0.41044509574070775,"subtract(b, square(b))"
11,0.41044509574070775,0.0,0.41044509574070775,0.41044509574070775,"subtract(b, square(b))"
