eval_count,avg,std,min,max,best_individual
1141,0.10256156033821039,0.17898201221864918,-0.21349101436296763,0.5506301018208442,"add(add(b, c), add(e, e))"
