eval_count,avg,std,min,max,best_individual
9,0.21584220147436253,0.2849130608962456,0.01941419208637218,0.782826832000483,"add(e, d)"
13,0.221264806460703,0.2827032471662225,0.01941419208637218,0.782826832000483,"add(e, d)"
17,0.22665998519024916,0.2803845924888596,0.01941419208637218,0.782826832000483,"add(e, d)"
