eval_count,avg,std,min,max,best_individual
7,0.2501572150974711,0.13821834972895136,0.05469210365192898,0.349118981289783,"subtract(add(c, c), protected_sqrt(b))"
11,0.3963715726448858,0.06857096704811505,0.34666056035070114,0.49333517629417334,"subtract(add(c, c), c)"
