eval_count,avg,std,min,max,best_individual
9,0.31033975320295104,0.30749815749262477,-0.009287762891981593,0.6946889615128129,"add(protected_sqrt(c), add(e, b))"
13,0.4467747352328173,0.28600067363206144,0.08749998445961445,0.6946889615128129,"add(protected_sqrt(c), add(e, b))"
17,0.5674473760819497,0.24037042230444583,0.08749998445961445,0.7092736399226217,"add(protected_sqrt(c), add(add(c, b), b))"
