eval_count,avg,std,min,max,best_individual
7,0.30359785618486357,0.2269884031471519,-0.017412222047250386,0.4641028953009205,"subtract(b, square(b))"
11,0.4641028953009205,0.0,0.4641028953009205,0.4641028953009205,"subtract(b, square(b))"
