eval_count,avg,std,min,max,best_individual
7,0.2465853510062818,0.244205015346078,0.07390632865530515,0.5919433957082351,"multiply(square(square(c)), e)"
12,0.45504329012116523,0.2730437474561762,0.07390632865530515,0.6992801459999556,"multiply(square(add(b, d)), e)"
