eval_count,avg,std,min,max,best_individual
7,0.02123249138925803,0.011658511110432368,0.004744866859807161,0.029476303653983463,"square(add(d, a))"
11,0.029476303653983463,0.0,0.029476303653983463,0.029476303653983463,"square(add(d, a))"
