eval_count,avg,std,min,max,best_individual
1139,0.030623659341361846,0.13791568136879812,-0.2604785847265295,0.41954146443608675,"add(e, b)"
