eval_count,avg,std,min,max,best_individual
9,0.3737146527409973,0.2788707432918986,0.009648787566706148,0.6797308951243619,"multiply(multiply(c, e), e)"
13,0.4797332832946014,0.21338501036352012,0.11113140866392089,0.6797308951243619,"multiply(multiply(c, e), e)"
17,0.5379067375879831,0.2201508423140895,0.11113140866392089,0.6797308951243619,"multiply(multiply(c, e), e)"
