eval_count,avg,std,min,max,best_individual
7,0.19080859565805716,0.2615168913243713,0.005888228407768861,0.5606493301586338,"add(b, b)"
11,0.3757289629083455,0.2615168913243713,0.005888228407768861,0.5606493301586338,"add(b, b)"
