eval_count,avg,std,min,max,best_individual
7,0.2473050842322252,0.2582986277361047,0.012772694620966776,0.6071062049824631,"multiply(a, protected_sqrt(e))"
11,0.2473050842322252,0.2582986277361047,0.012772694620966776,0.6071062049824631,"multiply(a, protected_sqrt(e))"
