eval_count,avg,std,min,max,best_individual
7,0.45010568054475053,0.2639571895033722,0.08457734191712758,0.6984585080311154,"add(a, b)"
11,0.6035930702110479,0.06769176001288661,0.5450395109160197,0.6984585080311154,"add(a, b)"
