eval_count,avg,std,min,max,best_individual
6,0.22864954477072028,0.25800827238516066,0.020374758780486224,0.5922452447619798,"multiply(square(square(c)), e)"
10,0.25538193707390594,0.23845784458426217,0.07332863076969474,0.5922452447619798,"multiply(square(square(c)), e)"
