eval_count,avg,std,min,max,best_individual
5840,0.01991787606012678,0.12552146053798985,-0.32728830931457675,0.4642805660086966,"add(c, add(e, a))"
