eval_count,avg,std,min,max,best_individual
1141,0.17967647179553586,0.2627012333810274,-0.41060068920800274,0.7615227963972199,"add(a, c)"
