eval_count,avg,std,min,max,best_individual
7,0.08752925869883961,0.14308595752612616,-0.013647792160454489,0.28988336041742785,"multiply(square(square(c)), e)"
12,0.2313557567758644,0.18094704340680065,-0.013647792160454489,0.41783170207061987,"multiply(square(add(b, d)), e)"
