eval_count,avg,std,min,max,best_individual
9,0.18591160120232336,0.25926500787019197,0.03683821019945466,0.7039319650874061,"add(a, a)"
13,0.33092956490054626,0.33841237115269285,0.03683821019945466,0.784064557533132,"add(a, e)"
16,0.33092956490054626,0.33841237115269285,0.03683821019945466,0.784064557533132,"add(a, e)"
