eval_count,avg,std,min,max,best_individual
1143,0.09361615253512344,0.10462087809617711,-0.1677077983381452,0.38742558998470994,"add(add(b, c), add(e, e))"
