eval_count,avg,std,min,max,best_individual
8634,0.028689331988541057,0.1298305820056705,-0.32728830931457675,0.4642805660086966,"add(c, add(e, a))"
