eval_count,avg,std,min,max,best_individual
9,-0.04347441443472435,0.2798694006895563,-0.6024059947041335,0.10795167901016892,square(d)
13,-0.03538584682149008,0.2835206734553975,-0.6024059947041335,0.10795167901016892,square(d)
17,0.11045435469558496,0.008530212651133441,0.1016217235661764,0.12679501288124168,square(c)
