eval_count,avg,std,min,max,best_individual
7,0.18743073544508623,0.21077181698560069,0.038392554371558064,0.48550709759214256,"multiply(square(square(c)), e)"
12,0.37234707740678097,0.24019507774081747,0.038392554371558064,0.5931415802566422,"multiply(square(add(b, d)), e)"
