eval_count,avg,std,min,max,best_individual
7,0.09880705845601835,0.42367608264507867,-0.3387109485848113,0.6720877533360518,"add(e, c)"
11,0.3351548526957641,0.47649507769520133,-0.3387109485848113,0.6720877533360518,"add(e, c)"
