eval_count,avg,std,min,max,best_individual
204,0.009050119889690891,0.13935863188269546,-0.34386907462777383,0.4588336239329494,"add(a, e)"
