eval_count,avg,std,min,max,best_individual
7,0.17573289661390978,0.22429616047791906,-0.020560362290018914,0.48966847107780254,"add(b, b)"
12,0.21426322984784862,0.19532396527073875,0.05809058105394575,0.48966847107780254,"add(b, b)"
