eval_count,avg,std,min,max,best_individual
7,0.24384727696349184,0.17688808741911308,-0.0063102552868555305,0.3689260430886655,"subtract(b, square(b))"
11,0.36892604308866545,5.551115123125783e-17,0.3689260430886655,0.3689260430886655,"subtract(b, square(b))"
