eval_count,avg,std,min,max,best_individual
7,0.05605575339399365,0.02194836332000362,0.025016080314952355,0.07157558993351429,"square(add(d, a))"
11,0.07157558993351429,0.0,0.07157558993351429,0.07157558993351429,"square(add(d, a))"
