eval_count,avg,std,min,max,best_individual
8,0.25309966433721426,0.2670667586439261,0.05548218235550759,0.6306510796179348,"add(b, b)"
12,0.44482263009135664,0.262801113595251,0.07316573103820034,0.6306510796179348,"add(b, b)"
