eval_count,avg,std,min,max,best_individual
7,0.3525334739511437,0.2318076274092249,0.18430374426426663,0.6803207268994951,"multiply(a, protected_sqrt(e))"
12,0.4336455509704154,0.1990029864581637,0.19297595068966952,0.6803207268994951,"multiply(a, protected_sqrt(e))"
