eval_count,avg,std,min,max,best_individual
7,0.16500618874911147,0.22267536533787083,0.007550927915511099,0.4799167104163122,"multiply(a, protected_sqrt(e))"
11,0.32246144958271183,0.22267536533787083,0.007550927915511099,0.4799167104163122,"multiply(a, protected_sqrt(e))"
