eval_count,avg,std,min,max,best_individual
1141,0.0295945531140742,0.15221350827379804,-0.3048612698719722,0.46548074469172335,"add(a, e)"
