eval_count,avg,std,min,max,best_individual
9,0.22582165411642166,0.22189026076762883,0.03960025140590988,0.6551381899110217,"multiply(c, multiply(c, b))"
13,0.23829325666322165,0.2126322944974294,0.10195826413990974,0.6551381899110217,"multiply(c, multiply(c, b))"
17,0.2532689302594386,0.2050028272154793,0.10195826413990974,0.6551381899110217,"multiply(c, multiply(c, b))"
