eval_count,avg,std,min,max,best_individual
7,0.6868366453942248,0.04215456961808479,0.6305934230333948,0.7320765673377264,"add(e, c)"
11,0.6982488525696159,0.04783961300915055,0.6305934230333948,0.7320765673377264,"add(e, c)"
