eval_count,avg,std,min,max,best_individual
204,0.05231642231052234,0.14763072908254687,-0.34625376340911423,0.5218178790811842,"add(e, d)"
