eval_count,avg,std,min,max,best_individual
9,0.12400557535587356,0.04654190498991093,0.04862412262251098,0.19548254988872285,"protected_div(d, square(a))"
13,0.12400557535587356,0.04654190498991093,0.04862412262251098,0.19548254988872285,"protected_div(d, square(a))"
17,0.1394402281299363,0.028144090818956618,0.12093995378864597,0.19548254988872285,"protected_div(d, square(a))"
