eval_count,avg,std,min,max,best_individual
7,0.4170678695335579,0.20682962486526094,0.12456672374255569,0.5635428662914692,"subtract(add(c, c), protected_sqrt(e))"
11,0.5633932503831957,0.0002115888466271842,0.5630940185666486,0.5635428662914692,"subtract(add(c, c), protected_sqrt(e))"
