eval_count,avg,std,min,max,best_individual
6,0.12749273658706564,0.15353515671417728,0.005179503744363585,0.34401721108899164,"multiply(square(square(c)), e)"
10,0.15028314065777937,0.13797359668900006,0.03328149492784172,0.34401721108899164,"multiply(square(square(c)), e)"
