eval_count,avg,std,min,max,best_individual
9,0.37145298069197114,0.29810773594614076,0.11676769871406018,0.7600807782727352,"add(d, c)"
13,0.4904797385340126,0.2913914408362953,0.13139863244467057,0.7600807782727352,"add(d, c)"
17,0.6162161676996256,0.24051698099906374,0.13711630610412223,0.7600807782727352,"add(d, c)"
