eval_count,avg,std,min,max,best_individual
9,0.09205273873379535,0.04879656718761299,0.018993329883317728,0.13537104781012202,"protected_sqrt(multiply(c, b))"
13,0.15680831583101112,0.09844915268848599,0.04812349858040387,0.3427712153693966,"protected_sqrt(add(a, protected_sqrt(d)))"
16,0.15680831583101112,0.09844915268848599,0.04812349858040387,0.3427712153693966,"protected_sqrt(add(a, protected_sqrt(d)))"
