eval_count,avg,std,min,max,best_individual
1140,0.042144752670361926,0.17621106471556483,-0.2022566998309137,0.4965890228074801,"add(e, c)"
