eval_count,avg,std,min,max,best_individual
1173,0.2450494334496966,0.2902176265365879,-0.6108991456399164,0.7401304569481999,"add(a, e)"
