eval_count,avg,std,min,max,best_individual
8,0.04971540016318241,0.031007834396020513,0.005972036578780363,0.0742549083437857,"square(add(d, a))"
12,0.04971540016318241,0.031007834396020513,0.005972036578780363,0.0742549083437857,"square(add(d, a))"
