eval_count,avg,std,min,max,best_individual
7,0.11953815225105106,0.1928433154473706,-0.034745542864664504,0.3914368290477877,"subtract(b, square(b))"
11,0.13113173758723434,0.18406510908919527,3.52131438853499e-05,0.3914368290477877,"subtract(b, square(b))"
