eval_count,avg,std,min,max,best_individual
1140,0.05676368211968501,0.15364988127077092,-0.37399560357975686,0.46331829966247257,"add(add(b, c), add(e, e))"
