eval_count,avg,std,min,max,best_individual
7,0.22740906198188363,0.21638687978088414,0.0744004319290222,0.5334263220876064,"multiply(a, protected_sqrt(e))"
11,0.380417692034745,0.21638687978088414,0.0744004319290222,0.5334263220876064,"multiply(a, protected_sqrt(e))"
