eval_count,avg,std,min,max,best_individual
7,0.05149395108878393,0.03218885444261781,0.005972036578780363,0.0742549083437857,"square(add(d, a))"
11,0.0742549083437857,0.0,0.0742549083437857,0.0742549083437857,"square(add(d, a))"
