eval_count,avg,std,min,max,best_individual
9,0.1328592546011807,0.37950169064156736,-0.39782228135392517,0.7904397713284941,"add(c, e)"
13,0.23270335303538464,0.27915241382107325,0.06888236139714561,0.7904397713284941,"add(c, e)"
17,0.37701483502165434,0.3375600469647976,0.10139821081709448,0.7904397713284941,"add(c, e)"
