eval_count,avg,std,min,max,best_individual
7,0.1164174426316892,0.2236389800713448,-0.04171919671440188,0.4326907213238714,"multiply(square(square(c)), e)"
12,0.3181234186581831,0.2599822774099159,-0.04171919671440188,0.5633987313650797,"multiply(square(add(b, d)), e)"
