eval_count,avg,std,min,max,best_individual
9,-0.018379361916953857,0.14822354671996085,-0.29018028248393274,0.12263493178047326,"protected_div(b, b)"
13,0.05659518525660483,0.06081651762501574,-0.04272202127294283,0.12263493178047326,"protected_div(b, b)"
17,0.06418368093592734,0.06599562014484849,-0.04272202127294283,0.12263493178047326,"protected_div(b, b)"
