eval_count,avg,std,min,max,best_individual
7,0.1513310359258336,0.15894738321598453,-0.0063102552868555305,0.3689260430886655,"subtract(b, square(b))"
11,0.18389356101334908,0.13083772281523454,0.09137731997569086,0.3689260430886655,"subtract(b, square(b))"
