eval_count,avg,std,min,max,best_individual
1141,-0.0015332845340426645,0.15901949724097963,-0.2849872672502733,0.48577549810716364,"add(e, c)"
