eval_count,avg,std,min,max,best_individual
9,0.15177719938932452,0.37582216251799316,-0.3975524620156325,0.7857887097381393,"add(d, e)"
13,0.23685408446881703,0.40566980635920896,-0.3975524620156325,0.7857887097381393,"add(d, e)"
17,0.23912910277605942,0.4050443111426534,-0.3975524620156325,0.7857887097381393,"add(d, e)"
