eval_count,avg,std,min,max,best_individual
9,0.2580426983186524,0.2556130316272782,0.09384021665644474,0.7678437464109473,"add(b, d)"
13,0.39632451571921934,0.3105044780035165,0.1404345915279445,0.7852493036592797,"add(e, d)"
17,0.526094360388962,0.3120261043133488,0.14191974175109226,0.7892838148766576,"add(b, e)"
