eval_count,avg,std,min,max,best_individual
7,0.6502600218307455,0.0444847929128365,0.5908305195218483,0.6978478223118901,"add(e, c)"
11,0.6621753880485429,0.050448440338088416,0.5908305195218483,0.6978478223118901,"add(e, c)"
