eval_count,avg,std,min,max,best_individual
8380,0.02770108688156278,0.12873691141018606,-0.32728830931457675,0.4642805660086966,"add(c, add(e, a))"
