eval_count,avg,std,min,max,best_individual
1140,0.08868355480214542,0.09559911643693905,-0.09404241236767978,0.35094676079145126,"add(e, b)"
