eval_count,avg,std,min,max,best_individual
3553,0.014802455567002007,0.12466181888892679,-0.32728830931457675,0.4642805660086966,"add(c, add(e, a))"
