eval_count,avg,std,min,max,best_individual
9,0.20956881072040878,0.22154048238575058,0.0502888182089247,0.6495563909202066,"multiply(a, square(b))"
13,0.21026095174520448,0.2212635355666236,0.0502888182089247,0.6495563909202066,"multiply(a, square(b))"
17,0.22481429012636758,0.21248174891451,0.10534852936741072,0.6495563909202066,"multiply(a, square(b))"
