eval_count,avg,std,min,max,best_individual
7,0.42694503205010803,0.3300340004049654,-0.03944729616793634,0.6757074824686844,"add(e, a)"
11,0.4373225562564775,0.3371271957146125,-0.03944729616793634,0.6757074824686844,"add(e, a)"
