eval_count,avg,std,min,max,best_individual
9,0.2583511503321941,0.5663085804488096,-0.7303286263207655,0.7591990155086574,"add(add(d, c), d)"
13,0.31068045115441195,0.5976808653573797,-0.7303286263207655,0.7642545547320987,"add(c, d)"
17,0.6095970873649847,0.30377158362990236,0.002074554047052483,0.7642545547320987,"protected_div(add(c, d), protected_div(c, c))"
