eval_count,avg,std,min,max,best_individual
1142,0.08780438927542496,0.10746342283038939,-0.20583096929238334,0.39270929484396533,"add(a, e)"
