eval_count,avg,std,min,max,best_individual
1140,0.04524522790463953,0.156084955822931,-0.3466180595542706,0.5334210691324767,"add(add(d, e), b)"
