eval_count,avg,std,min,max,best_individual
7,0.045430713056610415,0.019711155845881626,0.031492821092962656,0.07330649698390593,"square(subtract(d, b))"
11,0.05936860502025817,0.019711155845881626,0.031492821092962656,0.07330649698390593,"square(subtract(d, b))"
