eval_count,avg,std,min,max,best_individual
7,0.08825587296094221,0.04936923790226413,0.018437227155536424,0.1231651958636451,"square(add(d, a))"
11,0.1231651958636451,0.0,0.1231651958636451,0.1231651958636451,"square(add(d, a))"
