eval_count,avg,std,min,max,best_individual
3299,0.013104212165262502,0.12289709288594937,-0.32728830931457675,0.4642805660086966,"add(c, add(e, a))"
