eval_count,avg,std,min,max,best_individual
1142,0.20314213133170647,0.21897413497172866,-0.18066637191902107,0.7340457966406724,"add(d, e)"
