eval_count,avg,std,min,max,best_individual
7,0.3105912506262817,0.27595485025239386,0.11546170471149572,0.7008503424558535,"add(b, b)"
11,0.5057207965410676,0.27595485025239386,0.11546170471149572,0.7008503424558535,"add(b, b)"
