eval_count,avg,std,min,max,best_individual
55,0.013022745642284218,0.1522374135401506,-0.3438690742749076,0.4588336244592064,"add(a, e)"
60,0.018273055487648814,0.15404023264092148,-0.3438690742749076,0.4588336244592064,"add(a, e)"
