eval_count,avg,std,min,max,best_individual
54,0.011539814388007781,0.15255892241412022,-0.3438690742749076,0.4588336244592064,"add(a, e)"
59,0.0231380801453275,0.1601933567448796,-0.3438690742749076,0.4588336244592064,"add(a, e)"
63,0.019010287852967257,0.15336999708278096,-0.3438690742749076,0.4588336244592064,"add(a, e)"
68,0.016983273498196373,0.15276621534780754,-0.3438690742749076,0.4588336244592064,"add(a, e)"
72,0.015322284717891843,0.1531809356648484,-0.3438690742749076,0.4588336244592064,"add(a, e)"
